Symbol,Series,Date,Prev Close,Open,High,Low,Last,Close,VWAP,Volume,Turnover,No. of Trades
INFY,EQ,25-Jun-19,745.5,744,750.9,737.3,745.45,748.1,744.67,3677911,2738811697,118947
INFY,EQ,26-Jun-19,748.1,743,751.45,738,739.4,739.2,743.56,5447130,4050265777,98489
INFY,EQ,27-Jun-19,739.2,742,744.7,728.15,731.7,730.55,733.31,11122346,8156165447,145135
INFY,EQ,28-Jun-19,730.55,735.5,739.5,728.5,731.7,732,732.85,5919494,4338124834,116890
INFY,EQ,01-Jul-19,732,735,737.5,729.85,731.7,731.3,733.32,3224968,2364922428,101260
INFY,EQ,02-Jul-19,731.3,734,741.65,730.1,739.5,740,734.99,4837606,3555605380,88954
INFY,EQ,03-Jul-19,740,741,743.2,730,731.7,731.3,736.8,5958379,4390116575,133416
INFY,EQ,04-Jul-19,731.3,729,736.4,728.6,732.5,733.8,733.38,3274064,2401148622,97167
INFY,EQ,05-Jul-19,733.8,735,736.4,713.5,718,718,723.71,4926289,3565194468,113048
INFY,EQ,08-Jul-19,718,716.45,724.95,712.3,717.2,717.6,717.2,7177092,5147414056,111837
INFY,EQ,09-Jul-19,717.6,718,719.85,709.05,713.8,715.5,713.79,5022638,3585086283,121716
INFY,EQ,10-Jul-19,715.5,709,722.7,706.5,717.55,717.25,716.16,7573816,5424075999,130598
INFY,EQ,11-Jul-19,717.25,719.45,723.5,709.6,722.4,721.5,716.61,6252688,4480742890,104709
INFY,EQ,12-Jul-19,721.5,722.5,730.6,719.6,730.05,726.75,724.08,7874441,5701708861,122936
INFY,EQ,15-Jul-19,726.75,763,781.65,754.2,779.4,779.35,769.12,31064152,23891946222,665352
INFY,EQ,16-Jul-19,779.35,777,787.8,776,782.9,784.85,782.56,9924322,7766341596,231682
INFY,EQ,17-Jul-19,784.85,783.9,795,776.75,794,794.15,789.65,6754348,5333567144,159078
INFY,EQ,18-Jul-19,794.15,789.05,798.5,786.2,791.75,792.7,793.85,6534471,5187412944,148380
INFY,EQ,19-Jul-19,792.7,788.7,794.5,781.25,785,785.4,786.53,6812754,5358405148,96268
INFY,EQ,22-Jul-19,785.4,785.95,792,782.05,784.1,784.4,787.13,7107151,5594276879,132725
INFY,EQ,23-Jul-19,784.4,787,804,785.55,790,790.05,795.33,10782564,8575674727,207585
INFY,EQ,24-Jul-19,790.05,788,793.75,783.6,786.65,786.3,786.78,5745146,4520166052,236924
INFY,EQ,25-Jul-19,786.3,788.25,800.2,787.65,792.9,794.5,793.82,9773568,7758491817,259756
INFY,EQ,26-Jul-19,794.5,792.3,795,782.2,789.5,787,786.88,4941763,3888567432,201172
INFY,EQ,29-Jul-19,787,789.5,796.95,786.2,791.85,791.45,790.84,6244316,4938229661,190597
INFY,EQ,30-Jul-19,791.45,791.9,797.8,788.55,791.65,792.7,793.92,8673253,6885836889,193679
INFY,EQ,31-Jul-19,792.7,790.85,799.8,781.6,795,793.65,792.38,7350584,5824475368,209577
INFY,EQ,01-Aug-19,793.65,786.45,788.4,764.4,770.25,768.85,774.33,10066407,7794755234,216329
INFY,EQ,02-Aug-19,768.85,765.05,779.9,762.25,774.75,775.6,770.48,10838336,8350680485,227612
INFY,EQ,05-Aug-19,775.6,772.6,785.9,768.65,776.8,776.7,777.83,9976238,7759839281,281736
INFY,EQ,06-Aug-19,776.7,778.8,783.7,769.8,775.3,774.45,776.57,9331718,7246765644,199427
INFY,EQ,07-Aug-19,774.45,778.9,783.45,772.35,776.05,776.1,778.99,5130457,3996582934,157512
INFY,EQ,08-Aug-19,776.1,782.7,792.75,781.25,787.1,788.75,787.81,8009009,6309550990,171889
INFY,EQ,09-Aug-19,788.75,792,796.75,784.8,790,789.85,790.13,4362520,3446958075,77391
INFY,EQ,13-Aug-19,789.85,784.15,786,760.15,764,764.75,772.53,7517099,5807216873,161749
INFY,EQ,14-Aug-19,764.75,775.1,778.25,768,772.8,774.8,773.33,5940968,4594357881,154633
INFY,EQ,16-Aug-19,774.8,780,780.05,762.5,775,774.55,772.37,5128088,3960775632,125413
INFY,EQ,19-Aug-19,774.55,775.6,783,773.35,778,777.65,779.02,3881451,3023717275,107402
INFY,EQ,20-Aug-19,777.65,785.2,798,783.85,792.5,792.75,793.28,8435344,6691567043,140808
INFY,EQ,21-Aug-19,792.75,793,803.75,793,799.25,799.45,799.47,5926896,4738350175,154752
INFY,EQ,22-Aug-19,799.45,799.9,801.3,792.35,795.4,795.7,797,5222488,4162305017,136435
INFY,EQ,23-Aug-19,795.7,796.45,809.95,795.8,801.25,802.2,802.51,6895015,5533306730,151009
INFY,EQ,26-Aug-19,802.2,795.9,806.8,786.9,804.3,802.55,799.09,5412074,4324723248,141654
INFY,EQ,27-Aug-19,802.55,791,794.95,781.1,785.5,784.65,785.23,16061642,12612131007,242098
INFY,EQ,28-Aug-19,784.65,787.4,805,786.3,803.5,802.5,796.96,5881134,4687024731,113678
INFY,EQ,29-Aug-19,802.5,795.5,809.7,795.5,808.3,806.95,805.11,7830413,6304378192,117244
INFY,EQ,30-Aug-19,806.95,810,817.35,802,814.75,814.9,809.24,8174186,6614876749,144388
INFY,EQ,03-Sep-19,814.9,815,822.4,812.05,812.75,814.25,816.96,5647088,4613455970,109072
INFY,EQ,04-Sep-19,814.25,810.75,822.45,810.25,819.9,821.3,818.11,6199015,5071479097,124357
INFY,EQ,05-Sep-19,821.3,830.1,837.5,826.65,835.1,834.05,833,7926895,6603073399,242554
INFY,EQ,06-Sep-19,834.05,843.3,847,835.05,840.25,840.15,840.49,6106841,5132762932,171032
INFY,EQ,09-Sep-19,840.15,836.8,840.3,827.55,830,829.1,830.92,4377870,3637654796,122479
INFY,EQ,11-Sep-19,829.1,822.3,828.55,814.15,822.1,820.1,818.82,7981036,6535045006,162235
INFY,EQ,12-Sep-19,820.1,816.4,819.85,810.85,817.6,816.4,816.08,4400017,3590752490,110552
INFY,EQ,13-Sep-19,816.4,818.1,831.05,817.5,829.8,829.3,824.18,4832021,3982478489,93586
INFY,EQ,16-Sep-19,829.3,832.05,837.95,820.55,827.6,827.7,827.38,4846496,4009906892,137629
INFY,EQ,17-Sep-19,827.7,831.5,835,820.55,832.35,831.25,827.54,5540901,4585299188,135783
INFY,EQ,18-Sep-19,831.25,829.9,832.95,824,831.45,829.85,828.68,3199389,2651273644,115862
INFY,EQ,19-Sep-19,829.85,824.85,827,815.2,820.3,820.7,820.99,6601607,5419828833,120499
INFY,EQ,20-Sep-19,820.7,822.9,835,802,807.3,805,811.86,22462366,18236400807,277034
INFY,EQ,23-Sep-19,805,806.9,806.9,741.9,765,764.35,770.66,17279260,13316370233,423674
INFY,EQ,24-Sep-19,764.35,765,798.65,765,794,794.05,785.94,13717998,10781580308,236139
INFY,EQ,25-Sep-19,794.05,787.7,801,781.65,790.75,792.65,793.69,9313576,7392081925,257048
INFY,EQ,26-Sep-19,792.65,787.75,797,778.1,784.6,782.55,783.93,18442824,14457802893,178651
INFY,EQ,27-Sep-19,782.55,787.05,794.25,780.1,782.2,782.2,785.46,5087642,3996126505,161432
INFY,EQ,30-Sep-19,782.2,785.1,808,784.15,804.2,805.65,801.63,8178091,6555812643,156000
INFY,EQ,01-Oct-19,805.65,807,807.55,791.55,794.95,793.55,796.66,5881438,4685487403,172253
INFY,EQ,03-Oct-19,793.55,792.55,797.85,784.15,786.4,785.6,791.93,5497672,4353793070,166567
INFY,EQ,04-Oct-19,785.6,790,797.6,787.05,792.3,793.45,794.32,8201713,6514820231,114239
INFY,EQ,07-Oct-19,793.45,794.85,802,786.1,788.8,789.55,791.09,3679845,2911078095,118304
INFY,EQ,09-Oct-19,789.55,795.45,795.9,778.8,783.75,783.65,783.69,6335025,4964668558,148580
INFY,EQ,10-Oct-19,783.65,785.4,794.7,776.6,782.5,783.05,786.97,10402917,8186820532,123048
INFY,EQ,11-Oct-19,783.05,781.5,823.8,776.6,815,814.8,807.01,20636344,16653757511,318660
INFY,EQ,14-Oct-19,814.8,786.75,797,780,786.3,786.1,789.64,15150858,11963746230,308844
INFY,EQ,15-Oct-19,786.1,773.1,775.95,765,769,768.3,769.68,13762133,10592375903,298596
INFY,EQ,16-Oct-19,768.3,765.25,775.95,761.55,771,771.45,770.12,10767032,8291883881,258065
INFY,EQ,17-Oct-19,771.45,767,770.55,765.1,769.4,769.5,768.53,9860495,7578123004,202471
INFY,EQ,18-Oct-19,769.5,763.8,773.8,760,767.5,767.85,767.62,10037200,7704758992,187743
INFY,EQ,22-Oct-19,767.85,691.1,691.1,638.35,640,643.55,658.16,90152532,59334453057,1643015
INFY,EQ,23-Oct-19,643.55,630,656.65,615.1,650.35,650.6,643.94,60516887,38969147749,1059289
INFY,EQ,24-Oct-19,650.6,650,653.2,632,634.7,635.35,643.72,25666433,16521876123,393942
INFY,EQ,25-Oct-19,635.35,647,652.5,636,637.1,637.45,643.66,16549337,10652215420,327171
INFY,EQ,27-Oct-19,637.45,651.1,652.5,645.55,649.95,648.85,648.43,2945433,1909914669,67356
INFY,EQ,29-Oct-19,648.85,651,653.75,647,650.9,650.65,650.33,16709764,10866929875,309792
INFY,EQ,30-Oct-19,650.65,660.4,671.4,656.2,662.25,660.6,664.01,22879467,15192276718,319118
INFY,EQ,31-Oct-19,660.6,668.4,695.45,666.1,687,685.6,685.39,27405901,18783689652,424958
INFY,EQ,01-Nov-19,685.6,690,694,682.6,688.9,687.9,688.47,9713519,6687468933,181647
INFY,EQ,04-Nov-19,687.9,681.8,732.5,678.15,710.1,709,714.2,29381982,20984607124,384467
INFY,EQ,05-Nov-19,709,708.75,708.75,691.5,695.05,696.1,699.32,12897805,9019750145,204502
INFY,EQ,06-Nov-19,696.1,695.8,721.5,692,712.5,712.3,710.66,21372589,15188685234,344247
INFY,EQ,07-Nov-19,712.3,717,724.35,712.1,720.25,720.1,718.75,13733737,9871154253,205054
INFY,EQ,08-Nov-19,720.1,722,724.25,705.5,708.3,708.15,716.33,8585630,6150137780,114589
INFY,EQ,11-Nov-19,708.15,698.9,707.2,698,703.1,704.4,703.64,6951494,4891336200,118370
INFY,EQ,13-Nov-19,704.4,696.5,700,687.75,691.45,691.35,695.08,9973690,6932539254,182739
INFY,EQ,14-Nov-19,691.35,696.35,709.8,696.35,705.05,705.3,705.92,10539902,7440318352,172258
INFY,EQ,15-Nov-19,705.3,709.05,712.95,702.3,704.6,703.9,705.52,7362623,5194471562,122419
INFY,EQ,18-Nov-19,703.9,705,710,699.3,709.9,705.2,703.53,7490916,5270093826,140015
INFY,EQ,19-Nov-19,705.2,709.9,714,705,712.8,712.85,710.87,6495885,4617726814,127941
INFY,EQ,20-Nov-19,712.85,712.8,715,705,713,713,710.95,6142171,4366791187,87462
INFY,EQ,21-Nov-19,713,715.5,721.45,710.5,712.15,713.25,714.88,9692973,6929352718,127699
INFY,EQ,22-Nov-19,713.25,711.75,712,685.1,692.95,693.2,693.38,14415826,9995652431,223156
INFY,EQ,25-Nov-19,693.2,693.35,705.15,693.2,699,698.1,698.13,7334511,5120436170,109264
INFY,EQ,26-Nov-19,698.1,705,707.25,686,692.6,690.6,693.08,27253106,18888701556,163058
INFY,EQ,27-Nov-19,690.6,694.25,697.65,690.1,696.15,695.75,694.39,3861635,2681478170,64039
INFY,EQ,28-Nov-19,695.75,699.1,703.35,694.05,701.45,701.85,698.53,4837683,3379270403,84619
INFY,EQ,29-Nov-19,701.85,700.9,702.3,691.55,695.8,696.35,695.72,4262379,2965402319,110226
INFY,EQ,02-Dec-19,696.35,703.1,704,690.3,692.75,692.7,693.51,9383736,6507684351,102880
INFY,EQ,03-Dec-19,692.7,692.7,699.7,688.55,699,698.35,696.23,5239013,3647553742,84499
INFY,EQ,04-Dec-19,698.35,697,710.5,693.35,708.25,708.85,706.09,7427886,5244767945,169304
INFY,EQ,05-Dec-19,708.85,706.45,715.9,703.8,714.1,714.85,712.06,4814422,3428139268,76989
INFY,EQ,06-Dec-19,714.85,715.95,720,709.6,714.5,715.1,715.43,5226096,3738886365,79319
INFY,EQ,09-Dec-19,715.1,716,722.35,714.25,716.05,717.25,718.66,6435865,4625177252,114112
INFY,EQ,10-Dec-19,717.25,713,718.5,710,713.45,714.55,715.42,4457939,3189284688,81372
INFY,EQ,11-Dec-19,714.55,716.6,722.7,713,720,721.05,718.49,6043554,4342244981,125702
INFY,EQ,12-Dec-19,721.05,718.5,720.7,699.55,702.1,702.1,706.03,11112042,7845417394,163350
INFY,EQ,13-Dec-19,702.1,700.35,712.9,700.35,711.5,711.3,708.5,10302412,7299214570,132030
INFY,EQ,16-Dec-19,711.3,712.3,720.2,710.2,714.25,714,715.89,5616324,4020694131,116838
INFY,EQ,17-Dec-19,714,719.7,731.25,715,730.5,729.7,726.51,10525565,7646917890,193372
INFY,EQ,18-Dec-19,729.7,731,737.3,722.75,733.4,732.45,732.13,12215295,8943242214,210673
INFY,EQ,19-Dec-19,732.45,733.5,735.95,724.6,732,730.85,729.59,7199210,5252474994,165219
INFY,EQ,20-Dec-19,730.85,731,735,728.25,730,731.55,731.45,7794167,5701077060,131404
INFY,EQ,23-Dec-19,731.55,732.15,737.3,731.65,735.95,736,734.61,4975608,3655128113,80052
INFY,EQ,24-Dec-19,736,736.95,736.95,728.3,734.25,733.4,732.75,2890759,2118192661,50306
INFY,EQ,26-Dec-19,733.4,732,734.55,726.55,729.5,728.95,730.42,3821806,2791528461,48763
INFY,EQ,27-Dec-19,728.95,729.75,737.5,728.85,736.55,736.95,734.36,3399094,2496171889,65467
INFY,EQ,30-Dec-19,736.95,736.1,737.95,727.25,732.5,732.9,732.53,5368416,3932522164,115398
INFY,EQ,31-Dec-19,732.9,729.7,737.75,725.45,732,731.15,732.75,6927885,5076419897,156522
INFY,EQ,01-Jan-20,731.15,735,740,732.55,739.35,736.85,735.35,2112415,1553368749,36769
INFY,EQ,02-Jan-20,736.85,738.9,740.8,730.9,735.75,734.7,735.22,5658200,4160025336,102483
INFY,EQ,03-Jan-20,734.7,733.9,748,733.9,745,746,744.67,7882938,5870173302,105632
INFY,EQ,06-Jan-20,746,746.1,753.8,736.5,738.5,738.85,743.51,6519403,4847236982,129992
INFY,EQ,07-Jan-20,738.85,738,742.6,725.1,729.3,727.9,734.63,7899363,5803119825,189680
INFY,EQ,08-Jan-20,727.9,724.95,729,708.3,718.9,718.2,717.84,8639443,6201707522,232857
INFY,EQ,09-Jan-20,718.2,721.7,731.5,714.3,727.6,727.55,724.6,13521186,9797455292,161064
INFY,EQ,10-Jan-20,727.55,740.45,742.9,730.5,740,738.15,737.69,9341405,6891078451,145267
INFY,EQ,13-Jan-20,738.15,760,777.5,755,772.5,773.55,769.14,36952038,28421129305,753340
INFY,EQ,14-Jan-20,773.55,769.95,776.95,767.2,775.5,775.65,772.12,11414418,8813264899,289583
INFY,EQ,15-Jan-20,775.65,773.85,773.85,762.15,766.3,767.55,766.99,6047430,4638298219,96319
INFY,EQ,16-Jan-20,767.55,770.7,772.5,760.25,767.2,767,766.35,5740586,4399309409,93520
INFY,EQ,17-Jan-20,767,770.7,772.9,762.25,767.45,767.85,766.35,3762957,2883743850,98313
INFY,EQ,20-Jan-20,767.85,771.6,774.4,762.95,768.85,768.45,767.06,3887680,2982074924,81096
INFY,EQ,21-Jan-20,768.45,768.45,770.5,760.75,761.15,762.5,764.09,4448374,3398977857,83703
INFY,EQ,22-Jan-20,762.5,768.45,778,766,769.8,770.2,771.58,9733935,7510499148,148501
INFY,EQ,23-Jan-20,770.2,777.1,785.5,776.7,782.35,784.35,781.01,12528017,9784566375,197205
INFY,EQ,24-Jan-20,784.35,775.75,786.5,773.6,783,782.75,779.2,7540490,5875559436,131263
INFY,EQ,27-Jan-20,782.75,779.05,784.8,774.4,778.05,778.1,778.05,3741610,2911159552,102550
INFY,EQ,28-Jan-20,778.1,781,781.8,772,778,778,775.99,5121009,3973833552,108248
INFY,EQ,29-Jan-20,778,786.6,792.8,784.25,790,789.7,787.87,6832757,5383335132,83287
INFY,EQ,30-Jan-20,789.7,789.7,789.7,778,780.6,780.7,781.35,3859680,3015775801,98962
INFY,EQ,31-Jan-20,780.7,780.55,784.95,771.6,777.7,775.95,776.84,6092028,4732547587,72176
INFY,EQ,01-Feb-20,775.95,775.1,791.25,769.25,777,779.5,779.56,5104062,3978923967,105374
INFY,EQ,03-Feb-20,779.5,782,790.95,764.5,767.1,767.4,771.38,6416745,4949738299,132708
INFY,EQ,04-Feb-20,767.4,770.1,789.9,770.1,788.1,787.85,781.11,5771311,4508019532,126688
INFY,EQ,05-Feb-20,787.85,781,786,774.4,784.5,784.55,779.33,6310409,4917872804,142904
INFY,EQ,06-Feb-20,784.55,784.35,786.8,770,772,771.35,775.78,7341622,5695512989,133662
INFY,EQ,07-Feb-20,771.35,775.95,778.85,771,776,777.3,775.8,2853344,2213620888,53815
INFY,EQ,10-Feb-20,777.3,774,778,769.75,773,773.2,772.86,3827682,2958264287,50917
INFY,EQ,11-Feb-20,773.2,779,779.1,769.2,775,773.55,773.48,4312817,3335859223,83764
INFY,EQ,12-Feb-20,773.55,775.8,783.25,775.1,780.8,781.05,780.73,2948825,2302228797,80507
INFY,EQ,13-Feb-20,781.05,785,794,782.2,792.5,792.25,787.51,4387430,3455129906,80876
INFY,EQ,14-Feb-20,792.25,794.5,799.2,784.6,786.3,786.45,791.78,5321680,4213573743,103460
INFY,EQ,17-Feb-20,786.45,790.3,793.45,783.3,788.85,789.45,789.21,2929629,2312085827,69780
INFY,EQ,18-Feb-20,789.45,785,799.05,783.65,798.5,797.65,793.27,5083346,4032462344,103674
INFY,EQ,19-Feb-20,797.65,800,804.85,796.15,800.4,800.45,799.62,3985192,3186637946,79345
INFY,EQ,20-Feb-20,800.45,803.25,806.1,793.85,796.8,797,800.74,4564569,3655039599,94252
INFY,EQ,24-Feb-20,797,800.1,811.6,792.15,795.9,795.85,804.05,6627536,5328879150,130286
INFY,EQ,25-Feb-20,795.85,799,806,795.4,799.5,798.4,799.93,6996695,5596900401,114637
INFY,EQ,26-Feb-20,798.4,793.95,801.45,780.5,782.25,782.75,791.65,8760569,6935314353,168481
INFY,EQ,27-Feb-20,782.75,778,780.75,772.2,776.55,777.85,777.16,5223386,4059425155,100716
INFY,EQ,28-Feb-20,777.85,750,756.8,722.05,732,731.7,738.68,14123957,10433101671,277778
INFY,EQ,02-Mar-20,731.7,737,765.9,733.75,739.4,741.05,750.99,9821523,7375861532,155968
INFY,EQ,03-Mar-20,741.05,755,759,741.25,751,747,749.09,7826587,5862836381,136066
INFY,EQ,04-Mar-20,747,753.9,761.5,745.55,758,758.75,753.23,11013444,8295623047,155822
INFY,EQ,05-Mar-20,758.75,763.75,773.55,751.75,754.15,754.6,763.7,7755293,5922737657,124093
INFY,EQ,06-Mar-20,754.6,741,744,729.1,739,738.95,738.53,9216022,6806310521,147517
INFY,EQ,09-Mar-20,738.95,724.5,725.85,697,706.4,704.45,705.63,10308697,7274162430,180848
INFY,EQ,11-Mar-20,704.45,690.65,695.95,669.05,682.15,686,685.87,16165054,11087131349,233010
INFY,EQ,12-Mar-20,686,668,670,627.5,631,631.2,644.47,13965689,9000417645,265786
INFY,EQ,13-Mar-20,631.2,592,667,570,652.15,642.35,629,16903140,10632077963,286353
INFY,EQ,16-Mar-20,642.35,622,622.15,580,583.2,583.15,597.37,19140854,11434179964,462293
INFY,EQ,17-Mar-20,583.15,588.1,592,550,560,554.95,571.99,16060126,9186285698,359329
INFY,EQ,18-Mar-20,554.95,568,578,528,531.7,534.3,552.92,15391568,8510344347,235885
INFY,EQ,19-Mar-20,534.3,509.25,558,509.25,551.8,545.55,540.83,16584106,8969244995,313532
INFY,EQ,20-Mar-20,545.55,549.5,617.45,548,580.9,585.2,585.1,21356183,12495510371,407561
INFY,EQ,23-Mar-20,585.2,540,560.95,515.9,529.15,526.45,531.33,17146303,9110393753,258952
INFY,EQ,24-Mar-20,526.45,522,601.15,522,600,589.8,572.73,20029537,11471457437,434375
INFY,EQ,25-Mar-20,589.8,597,635,565.7,607,606.2,596.75,18339650,10944193384,429544
INFY,EQ,26-Mar-20,606.2,615,650.85,612.1,640,643,638.74,14868843,9497347855,291975
INFY,EQ,27-Mar-20,643,665.05,674.9,642.25,655,652.7,653.79,13495469,8823242465,262091
INFY,EQ,30-Mar-20,652.7,625.1,663.5,621.1,623.8,626.7,638.82,14625720,9343228364,230047
INFY,EQ,31-Mar-20,626.7,650,662,633.7,639.6,641.5,647.8,15175528,9830768498,279311
INFY,EQ,01-Apr-20,641.5,634.35,637.5,594,603.9,602.8,611.89,13083865,8005888361,379235
INFY,EQ,03-Apr-20,602.8,603.5,606,582.15,588.5,585.7,592.53,10221890,6056725608,261228
INFY,EQ,07-Apr-20,585.7,615,644.25,612.9,633.8,639,627.65,15146526,9506714566,260480
INFY,EQ,08-Apr-20,639,630,655.65,626.35,632.25,631.6,637.44,11806901,7526162136,235881
INFY,EQ,09-Apr-20,631.6,646.8,652.8,632.1,635.6,636.25,640.28,11931287,7639338597,232901
INFY,EQ,13-Apr-20,636.25,629,651.7,626.05,637,637.4,641.21,8330291,5341425789,232090
INFY,EQ,15-Apr-20,637.4,651.4,653.3,635.6,640,639.05,645.85,11963493,7726657237,278339
INFY,EQ,16-Apr-20,639.05,619.95,634.9,603.5,626.9,623.85,620.5,17783310,11034508895,254606
INFY,EQ,17-Apr-20,623.85,644,646,626,634.2,628.75,633.5,8878372,5624422628,220448
INFY,EQ,20-Apr-20,628.75,640,661,639,650.95,653.3,653.71,13322995,8709344590,220363
INFY,EQ,21-Apr-20,653.3,627.8,646.5,627.8,633,633.2,638.34,11660678,7443524923,195803
INFY,EQ,22-Apr-20,633.2,633.2,645,628.05,641.5,641.85,639.85,8267159,5289759466,148917
INFY,EQ,23-Apr-20,641.85,647.05,683.65,638.1,675,679.3,665.09,14451294,9611440871,225884
INFY,EQ,24-Apr-20,679.3,668.55,675,654.8,660.95,658,662.5,7319950,4849470612,162251
INFY,EQ,27-Apr-20,658,661.05,681,661.05,665.1,664.6,670.63,7183316,4817370468,143869
INFY,EQ,28-Apr-20,664.6,673,677,653.05,664.05,660.7,659.88,7296594,4814874279,128788
INFY,EQ,29-Apr-20,660.7,666,682,658,678,676.55,671.94,8639246,5805084866,175742
INFY,EQ,30-Apr-20,676.55,700,720,698.1,715.05,715.5,711.47,16254036,11564226726,277142
INFY,EQ,04-May-20,715.5,689.8,701.2,670.35,675.15,673.7,686.15,9122803,6259591493,177978
INFY,EQ,05-May-20,673.7,681.75,685.6,670,674.5,673.7,679.28,6393108,4342730627,132076
INFY,EQ,06-May-20,673.7,676.9,681.45,664.05,667,665.9,671.02,7934457,5324157713,211094
INFY,EQ,07-May-20,665.9,665.55,674.35,662.45,666.7,664.95,668.79,4779550,3196499217,93851
INFY,EQ,08-May-20,664.95,672.25,680.9,668.5,676,674.2,674.96,8400376,5669937480,206669
INFY,EQ,11-May-20,674.2,682.5,698.55,678,683.75,682.9,688.95,7370192,5077673284,157658
INFY,EQ,12-May-20,682.9,678.5,691,675.5,687,687.65,684.84,7356063,5037715533,165655
INFY,EQ,13-May-20,687.65,694.8,699.9,683.75,693.75,694.15,693.94,8287106,5750758216,156513
INFY,EQ,14-May-20,694.15,659,671.75,652.6,658.2,658.15,662.77,16888356,11193113876,284577
INFY,EQ,15-May-20,658.15,664.8,664.8,646.7,652.3,652.3,652.46,9255353,6038757599,159733
INFY,EQ,18-May-20,652.3,659.85,670.55,653,659.6,663.9,663.53,10435495,6924280885,160262
INFY,EQ,19-May-20,663.9,664,674.8,655,670,668.6,668.12,5902238,3943378544,121850
INFY,EQ,20-May-20,668.6,668.5,673,659.65,666,669.55,666.46,5795193,3862248244,104746
INFY,EQ,21-May-20,669.55,666.5,679.45,665.4,673,672.2,672.37,7214401,4850780460,122009
INFY,EQ,22-May-20,672.2,675,695.85,673.5,692,692.35,688.38,11867864,8169629532,201776
INFY,EQ,26-May-20,692.35,693,699.45,679,681.3,680.55,689.51,7099719,4895318484,122600
INFY,EQ,27-May-20,680.55,686.05,709.2,675,706.2,705.45,693.83,8774694,6088143746,155415
INFY,EQ,28-May-20,705.45,707,710,690,706,707.4,699.96,9440121,6607699864,141590
INFY,EQ,29-May-20,707.4,692.5,700.8,674.95,692,691,690.78,28291172,19543032832,241793
INFY,EQ,01-Jun-20,691,698.75,706.65,691.5,699.55,699.55,700.27,12276649,8596981340,166839
INFY,EQ,02-Jun-20,699.55,700.5,711.65,697.55,708.2,708.1,706.32,7059409,4986183795,123937
INFY,EQ,03-Jun-20,708.1,710.7,711.9,696,702.85,701.55,702.71,11378568,7995869972,179242
INFY,EQ,04-Jun-20,701.55,702,709.45,697.5,707.05,707.75,704.17,10783594,7593495551,134508
INFY,EQ,05-Jun-20,707.75,707,711.7,700.6,704.75,703.55,705.8,7718943,5448030852,124734
INFY,EQ,08-Jun-20,703.55,707.65,725.8,704,722.05,720.85,718.75,10719124,7704389373,180849
INFY,EQ,09-Jun-20,720.85,720,729.6,715.05,715.05,717.6,721.62,10078863,7273061785,173628
INFY,EQ,10-Jun-20,717.6,715,719.45,709.2,714.95,715.85,715.57,7263272,5197377191,121854
INFY,EQ,11-Jun-20,715.85,712,713.4,700.25,703.8,703.95,707.7,8825914,6246123986,140529
INFY,EQ,12-Jun-20,703.95,675.8,695.15,675.5,691,692.05,686.35,9796064,6723519558,165667
INFY,EQ,15-Jun-20,692.05,693,704.4,685.25,688.05,687.55,692.55,7857344,5441612327,105262
INFY,EQ,16-Jun-20,687.55,702,712,699.15,700,701.2,705.08,10132423,7144207775,170413
INFY,EQ,17-Jun-20,701.2,699.9,710.3,698,704.6,703.65,705.4,7291919,5143752646,136959
INFY,EQ,18-Jun-20,703.65,708.2,716.6,706,713.4,713.9,711.84,6670206,4748091716,174646
INFY,EQ,19-Jun-20,713.9,709,711.9,701,708.15,705.55,704.87,22438873,15816432220,266933
INFY,EQ,22-Jun-20,705.55,707.1,708.7,700,703.45,703.7,702.88,7804139,5485377026,145862
INFY,EQ,23-Jun-20,703.7,695.7,724.5,692.1,720,720.65,713.34,12157486,8672464910,203759
INFY,EQ,24-Jun-20,720.65,716.9,726.8,709.4,715.25,714.15,717.48,10220908,7333276140,147819
INFY,EQ,25-Jun-20,714.15,704.85,705.6,693.5,700.7,700.5,700.31,14945304,10466323460,214685
INFY,EQ,26-Jun-20,700.5,710.2,751.6,710,747,748.2,740.04,26030535,19263536479,378564
INFY,EQ,29-Jun-20,748.2,735.4,744.7,730.1,731.4,731.75,735.05,8954490,6582024856,128524
INFY,EQ,30-Jun-20,731.75,732.8,738.95,724.25,733.7,735.95,733.74,10411347,7639234133,140340
INFY,EQ,01-Jul-20,735.95,737.25,742.3,729.75,730.85,731.9,736.05,5477687,4031836580,101474
INFY,EQ,02-Jul-20,731.9,737.35,765.45,735.4,756,756.6,756.33,17263764,13057143719,207044
INFY,EQ,03-Jul-20,756.6,755,764,752.5,762.15,762.7,759.35,7796573,5920349097,148320
INFY,EQ,06-Jul-20,762.7,765.2,775,761.5,764.4,764,768.11,8811009,6767835779,180660
INFY,EQ,07-Jul-20,764,769.4,796.95,765.55,789.9,794.15,785.79,19362666,15215059540,321825
INFY,EQ,08-Jul-20,794.15,784.9,784.9,772.2,774.5,774.7,778.55,8476675,6599550757,145325
INFY,EQ,09-Jul-20,774.7,780,790,775,782.05,781.7,781.17,6854196,5354314428,130712
INFY,EQ,10-Jul-20,781.7,773.5,789.9,773.5,779.9,781.85,782.38,5206452,4073445026,94276
INFY,EQ,13-Jul-20,781.85,788,805.35,786.05,796.1,797.05,797.65,10804911,8618519870,150013
INFY,EQ,14-Jul-20,797.05,792.95,806.4,781.35,784.95,783.25,794.38,8961822,7119121563,139180
INFY,EQ,15-Jul-20,783.25,799,848.45,794.8,833.95,830.95,828.95,30060998,24919080835,376383
INFY,EQ,16-Jul-20,830.95,900.1,955.5,894.25,910,911,920.45,90433393,83239052701,936612
INFY,EQ,17-Jul-20,911,911,919.9,892.15,905.65,903.15,903.73,31682904,28632889196,432265
INFY,EQ,20-Jul-20,903.15,908.5,945,906.75,942.95,934.3,921.63,18421083,16977458353,242092
INFY,EQ,21-Jul-20,934.3,945,949.7,929.2,937.35,936.75,937.15,12877814,12068383201,209340
INFY,EQ,22-Jul-20,936.75,938.95,939,910,919.25,917.9,921.44,14354421,13226774281,191180
INFY,EQ,23-Jul-20,917.9,915.65,915.8,900.65,911.25,907.95,907.32,13052804,11843097056,203420
INFY,EQ,24-Jul-20,907.95,903.25,925.75,903.25,921.2,922.85,915.28,18209670,16666989754,240036
INFY,EQ,27-Jul-20,922.85,921.55,952.8,918.65,947.15,948.45,939.16,16828218,15804436677,278528
INFY,EQ,28-Jul-20,948.45,946,967.55,941.2,960.6,962.85,953.58,15819466,15085058374,220010
INFY,EQ,29-Jul-20,962.85,953.25,960,943.6,951.95,954.15,952.22,11152710,10619817806,212215
INFY,EQ,30-Jul-20,954.15,962,972.65,958.75,962.15,961.45,965.59,12492569,12062741577,222807
INFY,EQ,31-Jul-20,961.45,969.25,986.45,953.3,967.75,966,971.12,12704359,12337423708,195979
INFY,EQ,03-Aug-20,966,960,965.4,947.45,955.3,956.9,954.94,8480166,8098076651,164566
INFY,EQ,04-Aug-20,956.9,960.45,970.7,940.55,952,949.85,949.99,11133259,10576516986,166839
INFY,EQ,05-Aug-20,949.85,952,960.95,938.3,944.5,944.7,947.7,9616176,9113224805,170591
INFY,EQ,06-Aug-20,944.7,953.5,974.4,942.5,972,970.85,962.12,10976523,10560771158,202937
INFY,EQ,07-Aug-20,970.85,969.45,969.45,949,951.65,950.9,955.24,8010973,7652389955,159251
INFY,EQ,10-Aug-20,950.9,948.9,956.8,945.3,950.55,951.35,952.75,5716472,5446342904,102663
INFY,EQ,11-Aug-20,951.35,949.9,962,946.1,950.5,948.45,953.42,6802508,6485671475,92778
INFY,EQ,12-Aug-20,948.45,948,958.8,942.2,952.85,954.95,950.21,6908732,6564723271,89286
INFY,EQ,13-Aug-20,954.95,954.8,968.5,948.25,952.3,951.2,956.51,5097705,4876025984,87144
INFY,EQ,14-Aug-20,951.2,955.85,963,952.05,954.5,953.6,957.2,4663873,4464257395,88402
INFY,EQ,17-Aug-20,953.6,954.1,972.45,954.1,958.3,957.5,962.38,9008716,8669769420,140270
INFY,EQ,18-Aug-20,957.5,963.9,969.2,958.7,967.1,967.55,964.28,6142171,5922744205,119041
INFY,EQ,19-Aug-20,967.55,970.9,971.55,957.45,960,959.3,963.05,6622744,6378066101,125391
INFY,EQ,20-Aug-20,959.3,958.9,965.5,951.3,951.8,955.15,957.55,5656667,5416530384,123695
INFY,EQ,21-Aug-20,955.15,963.05,963.45,946.55,949.8,948.8,951.89,6513784,6200435489,123340
INFY,EQ,24-Aug-20,948.8,947,952,939.2,948.55,947.4,946.24,5798579,5486819045,153799
INFY,EQ,25-Aug-20,947.4,947.5,948.65,933.6,938.6,938.1,940.65,6233923,5863927590,105761
INFY,EQ,26-Aug-20,938.1,941.25,954.25,938.4,953.5,950.8,945.03,5153663,4870349606,114894
INFY,EQ,27-Aug-20,950.8,960,960.95,945.2,950.8,947.05,952.03,6154300,5859108364,124639
INFY,EQ,28-Aug-20,947.05,951.45,952.5,933.05,935.05,935.25,940.5,7593988,7142134781,180829
INFY,EQ,31-Aug-20,935.25,935.25,950.5,914.6,919.7,928.6,933.36,12808369,11954811845,206060
INFY,EQ,01-Sep-20,928.6,926.25,935,912.1,917.95,914.15,921.79,6907783,6367507048,117189
INFY,EQ,02-Sep-20,914.15,915,926.4,913.5,923.6,924,920.9,5678696,5229493200,105709
INFY,EQ,03-Sep-20,924,926.5,949.4,924,935.2,935.55,937.36,8828016,8275049706,130511
INFY,EQ,04-Sep-20,935.55,915,929.5,914.45,920.5,919.15,921.81,8650414,7974078251,146258
INFY,EQ,07-Sep-20,919.15,918.9,927.55,913.05,925.55,925.05,921.27,6700450,6172952177,101639
INFY,EQ,08-Sep-20,925.05,929.95,952,925.55,938.8,939.3,942.77,12892115,12154247390,200293
INFY,EQ,09-Sep-20,939.3,935,946,926,928.2,927.75,933.78,5529150,5163032077,133068
INFY,EQ,10-Sep-20,927.75,935.3,942,924.8,939.65,940.05,934.08,5172091,4831122432,101735
INFY,EQ,11-Sep-20,940.05,934.9,954.15,931,944.5,945.7,945.41,6672082,6307865396,124065
INFY,EQ,14-Sep-20,945.7,957,991.05,948.3,975,978.4,976.06,21871591,21347911660,342353
INFY,EQ,15-Sep-20,978.4,979.5,994,971.65,981.4,982.45,982.27,11608223,11402371129,252665
INFY,EQ,16-Sep-20,982.45,986,1005.65,982,1001.8,1001.75,991.46,10059392,9973473916,239939
INFY,EQ,17-Sep-20,1001.75,995,1021,995,1011,1011,1010.52,15628308,15792764186,340784
INFY,EQ,18-Sep-20,1011,1011,1018.8,999.1,1003.4,1002.15,1007.23,12897897,12991132019,228827
INFY,EQ,21-Sep-20,1002.15,1001,1031,1000.5,1007,1009.9,1019.34,14140790,14414221201,284118
INFY,EQ,22-Sep-20,1009.9,1009,1022.5,991.2,1008,1007.5,1007.79,12625775,12724148446,307283
INFY,EQ,23-Sep-20,1007.5,1020.15,1037,1008.1,1019.85,1019.75,1024.08,13486274,13810988923,258509
INFY,EQ,24-Sep-20,1019.75,1003,1009,970,977.75,975.4,986.71,14427463,14235738440,273411
INFY,EQ,25-Sep-20,975.4,975.8,1014.9,975,1006.6,1011.45,998.29,13311079,13288352062,230269
INFY,EQ,28-Sep-20,1011.45,1014.8,1016.15,998.5,1010.9,1010.4,1004.87,8554583,8596234609,165917
INFY,EQ,29-Sep-20,1010.4,1018,1028,1004.1,1013.85,1009,1016.65,8708572,8853558130,184552
INFY,EQ,30-Sep-20,1009,1009,1023.95,1005,1006,1008.25,1011.93,8049899,8145908490,141642
INFY,EQ,01-Oct-20,1008.25,1020.6,1026.5,1011.75,1018.7,1017.65,1016.4,5563432,5654650743,122973
INFY,EQ,05-Oct-20,1017.65,1018.05,1054.9,1018.05,1047.6,1048.7,1043.67,14212560,14833226247,239001
INFY,EQ,06-Oct-20,1048.7,1055,1060,1031.35,1056.45,1055.75,1044.46,9090819,9494983884,205608
INFY,EQ,07-Oct-20,1055.75,1044.9,1072,1035.5,1070.1,1066.55,1053.29,9284060,9778824469,176585
INFY,EQ,08-Oct-20,1066.55,1090,1124,1088.4,1094.5,1093.7,1105.97,21483024,23759656746,386362
INFY,EQ,09-Oct-20,1093.7,1095.1,1113.3,1088.45,1111.2,1106.8,1100.16,10567955,11626421247,173995
INFY,EQ,12-Oct-20,1106.8,1123,1140,1112.1,1139.2,1132.1,1125.5,14633780,16470282643,191485
INFY,EQ,13-Oct-20,1132.1,1135.55,1166.05,1135.55,1160,1157.8,1149.41,17524137,20142492308,316392
INFY,EQ,14-Oct-20,1157.8,1162,1164.9,1131.1,1138,1137,1144.19,16649731,19050428947,279112
INFY,EQ,15-Oct-20,1137,1180,1186,1092.5,1113.25,1108.25,1128.17,44288566,49965128164,697193
INFY,EQ,16-Oct-20,1108.25,1113.85,1135.95,1096.9,1129.5,1127.5,1118.76,18366133,20547237503,311640
INFY,EQ,19-Oct-20,1127.5,1135,1139,1115.3,1127.55,1125.9,1125,12902146,14514954127,215472
INFY,EQ,20-Oct-20,1125.9,1118.9,1144.7,1110,1135.9,1137.5,1136.69,10448852,11877155840,209442
INFY,EQ,21-Oct-20,1137.5,1141.15,1154.35,1135,1146.75,1148.35,1147.11,19811809,22726337788,283354
INFY,EQ,22-Oct-20,1148.35,1142,1158,1123.8,1135.35,1129.05,1138.64,11271538,12834266054,264809
INFY,EQ,23-Oct-20,1129.05,1133,1135,1120.15,1122.4,1122.5,1125.55,9070121,10208894083,152888
INFY,EQ,26-Oct-20,1122.5,1122.25,1129.6,1103.15,1114.2,1112.45,1115.89,6309643,7040841830,133779
INFY,EQ,27-Oct-20,1112.45,1105.7,1109.7,1077.15,1094.5,1090.85,1089.56,10172530,11083562406,261137
INFY,EQ,28-Oct-20,1090.85,1095.5,1104.75,1070.05,1077.5,1076.55,1086,7608413,8262761209,180559
INFY,EQ,29-Oct-20,1076.55,1070,1082,1060.1,1073,1074.85,1071.68,6935804,7432955729,140609
INFY,EQ,30-Oct-20,1074.85,1072,1083.6,1052.35,1060.4,1060.6,1064.99,8800436,9372342225,164698
INFY,EQ,02-Nov-20,1060.6,1065,1079.95,1051.1,1068.7,1072.3,1066.94,7183119,7663961600,137700
INFY,EQ,03-Nov-20,1072.3,1072,1079.4,1057.5,1062,1062.55,1066.37,7204782,7682963163,172016
INFY,EQ,04-Nov-20,1062.55,1068,1116,1066.8,1094.75,1093.95,1097.09,15702690,17227273082,307084
INFY,EQ,05-Nov-20,1093.95,1109.9,1123,1099,1104.95,1104,1108.49,9568890,10607037968,181645
INFY,EQ,06-Nov-20,1104,1108,1121.1,1091.7,1119,1112.75,1101.98,8807127,9705243124,154736
INFY,EQ,09-Nov-20,1112.75,1129.3,1146,1121.15,1135.1,1136.55,1133.25,10160320,11514169318,202222
INFY,EQ,10-Nov-20,1136.55,1113.85,1113.85,1078,1093.9,1091.05,1093.14,15622869,17077941183,395983
INFY,EQ,11-Nov-20,1091.05,1096,1126.35,1087,1123.5,1122.5,1108.04,12514800,13866920725,254701
INFY,EQ,12-Nov-20,1122.5,1128.1,1142,1113.75,1119.6,1117.75,1123.99,9180976,10319310973,196511
INFY,EQ,13-Nov-20,1117.75,1120,1133,1117,1123.45,1124.2,1124.07,6363212,7152675713,105048
INFY,EQ,14-Nov-20,1124.2,1137,1139.65,1131.1,1134,1133.45,1134.22,1136144,1288640516,41663
INFY,EQ,17-Nov-20,1133.45,1144.75,1145,1112.65,1125.25,1123.7,1122.2,12813968,14379842098,190186
INFY,EQ,18-Nov-20,1123.7,1128.5,1132.7,1101.45,1111.25,1110.55,1111.01,9839468,10931765779,168106
INFY,EQ,19-Nov-20,1110.55,1100,1114.7,1093.8,1097,1096.75,1102.13,10092343,11123110241,179639
INFY,EQ,20-Nov-20,1096.75,1106,1109,1091.1,1104.45,1103.35,1101.92,8063554,8885377126,199981
INFY,EQ,23-Nov-20,1103.35,1105,1144.8,1101.95,1138.5,1139.85,1128.46,10546363,11901155594,200221
INFY,EQ,24-Nov-20,1139.85,1145,1154.9,1133.35,1140.15,1140.05,1142.6,8515426,9729744010,175511
INFY,EQ,25-Nov-20,1140.05,1137,1143.5,1111.25,1118.8,1115.65,1124.52,8958701,10074223660,220995
INFY,EQ,26-Nov-20,1115.65,1119.95,1119.95,1098.3,1118,1113.2,1105.6,10962256,12119904676,207324
INFY,EQ,27-Nov-20,1113.2,1118,1121,1091,1112.35,1100,1103.85,25306145,27934277724,238942
INFY,EQ,01-Dec-20,1100,1105.05,1140.25,1105.05,1137.05,1137.85,1129.13,8933802,10087463062,227850
INFY,EQ,02-Dec-20,1137.85,1134,1147.45,1121,1142,1140.9,1130.35,6741637,7620426543,153925
INFY,EQ,03-Dec-20,1140.9,1147,1147,1122.7,1125,1126.45,1128.63,16212632,18298022228,247732
INFY,EQ,04-Dec-20,1126.45,1125,1137,1115,1134.5,1134.65,1127.86,10564055,11914725948,167778
INFY,EQ,07-Dec-20,1134.65,1147.3,1153,1136,1142.95,1143.5,1142.07,7792141,8899186636,168273
INFY,EQ,08-Dec-20,1143.5,1145,1167,1145,1153,1153.35,1154.21,12308330,14206387607,272695
INFY,EQ,09-Dec-20,1153.35,1168.05,1179.5,1157,1176.55,1175.2,1169.97,10039346,11745774021,274494
INFY,EQ,10-Dec-20,1175.2,1157.4,1171.65,1150,1168,1167.75,1164.18,9488782,11046635083,295020
INFY,EQ,11-Dec-20,1167.75,1159.7,1171.95,1155.25,1165.2,1163.2,1163.84,10574009,12306503430,178023
INFY,EQ,14-Dec-20,1163.2,1169.4,1172.6,1148.2,1163.5,1164.55,1159.72,6728187,7802805824,186990
INFY,EQ,15-Dec-20,1164.55,1156,1163.7,1152,1154.4,1154.6,1156.78,6905926,7988669804,177326
INFY,EQ,16-Dec-20,1154.6,1160,1168.9,1153.6,1164,1165.7,1160.77,7788404,9040530195,158579
INFY,EQ,17-Dec-20,1165.7,1165.9,1168.9,1156.2,1158.6,1159.2,1162.88,6658153,7742601947,204147
INFY,EQ,18-Dec-20,1159.2,1182.85,1195,1175.6,1186,1189.8,1187.95,15995676,19002082922,279675
INFY,EQ,21-Dec-20,1189.8,1188,1209.75,1152.05,1174,1177.3,1192.94,10858352,12953347755,246658
INFY,EQ,22-Dec-20,1177.3,1182,1223.85,1176.1,1219.95,1220.5,1200.28,10901851,13085219235,249518
INFY,EQ,23-Dec-20,1220.5,1238,1258.85,1230.55,1252,1253.05,1245.77,15878346,19780713238,277251
INFY,EQ,24-Dec-20,1253.05,1249.9,1249.9,1226,1237.35,1236.05,1236.34,7313885,9042415623,172066
INFY,EQ,28-Dec-20,1236.05,1238.45,1248,1236,1239.45,1240.3,1240.58,4607051,5715406465,123013
INFY,EQ,29-Dec-20,1240.3,1235,1254.45,1235,1249.85,1250.3,1246.33,6878105,8572419679,132402
INFY,EQ,30-Dec-20,1250.3,1253,1253.3,1238.15,1244,1246.8,1247.48,5194690,6480283009,107704
INFY,EQ,31-Dec-20,1246.8,1243,1258.4,1239,1253.5,1255.8,1249.41,7430470,9283731808,117406
INFY,EQ,01-Jan-21,1255.8,1257.9,1265.5,1255.8,1259.5,1260.45,1261.66,4253550,5366530408,97445
INFY,EQ,04-Jan-21,1260.45,1269,1290,1261.15,1288,1288.25,1278.28,7208454,9214400329,189946
INFY,EQ,05-Jan-21,1288.25,1282,1299,1275.05,1290.35,1293.8,1289.82,8145280,10505964474,168537
INFY,EQ,06-Jan-21,1293.8,1300,1302,1268.05,1282.5,1282.1,1288.38,7161715,9226975582,178942
INFY,EQ,07-Jan-21,1282.1,1296,1297.65,1255.5,1266.5,1262.15,1266.59,10954918,13875416121,236192
INFY,EQ,08-Jan-21,1262.15,1278.25,1316.8,1278.25,1311.5,1312.1,1298.1,13186251,17117011225,227983
INFY,EQ,11-Jan-21,1312.1,1342.1,1383.35,1340,1375.95,1376.2,1366.8,20528626,28058554926,387124
INFY,EQ,12-Jan-21,1376.2,1378,1378,1360,1376.5,1371.75,1369.78,8309868,11382710088,264378
INFY,EQ,13-Jan-21,1371.75,1373.85,1392.8,1360,1388.65,1387.15,1378.96,14442997,19916243436,304458
INFY,EQ,14-Jan-21,1387.15,1360,1384,1318.45,1370.5,1370.5,1359.34,27521697,37411219055,530803
INFY,EQ,15-Jan-21,1370.5,1360,1364.45,1340,1343.4,1344.95,1352.96,15018441,20319423540,278300
INFY,EQ,18-Jan-21,1344.95,1338,1340,1306,1311,1312.05,1320.52,8861765,11702148822,230056
INFY,EQ,19-Jan-21,1312.05,1320,1331,1312,1319.35,1316.65,1320.27,5585744,7374694216,178275
INFY,EQ,20-Jan-21,1316.65,1320.55,1348.4,1320.55,1338.85,1339.45,1338.37,8225838,11009221846,195330
INFY,EQ,21-Jan-21,1339.45,1350,1361.05,1335,1342,1339.7,1344.32,6142421,8257354258,156050
INFY,EQ,22-Jan-21,1339.7,1327,1356,1326.55,1336,1340.85,1344.65,9646591,12971261022,188343
INFY,EQ,25-Jan-21,1340.85,1345,1347.9,1313,1335,1325.1,1337.58,6542611,8751273547,159466
INFY,EQ,27-Jan-21,1325.1,1319.6,1327.55,1285.1,1300.5,1301,1308.99,8133665,10646861260,285525
INFY,EQ,28-Jan-21,1301,1291.8,1296.45,1272.55,1276.5,1276.2,1283.02,4660690,5979774972,212130
INFY,EQ,29-Jan-21,1276.2,1286.25,1291.15,1231,1250,1239.05,1253.29,12183519,15269437395,268406
INFY,EQ,01-Feb-21,1239.05,1250.55,1277.95,1241,1267.1,1260.9,1255.6,8880279,11150104432,232672
INFY,EQ,02-Feb-21,1260.9,1280,1294.4,1263.6,1275.5,1271.25,1275.19,6892490,8789223157,168360
INFY,EQ,03-Feb-21,1271.25,1277.65,1304,1273,1285,1284.65,1289.14,8182968,10549003464,204774
INFY,EQ,04-Feb-21,1284.65,1285,1293.4,1272.05,1278.5,1279.35,1281.04,5032240,6446486331,148262
INFY,EQ,05-Feb-21,1279.35,1286.4,1288.75,1262,1273,1272.1,1270.01,5477481,6956468417,176339
INFY,EQ,08-Feb-21,1272.1,1285.5,1310,1275.5,1310,1303.55,1292.02,6921922,8943252910,198135
INFY,EQ,09-Feb-21,1303.55,1306.9,1332,1297.85,1308.1,1305.55,1317.89,7965949,10498269840,168139
INFY,EQ,10-Feb-21,1305.55,1295.8,1304.35,1283.6,1297,1296.5,1293.4,5951207,7697265668,175936
INFY,EQ,11-Feb-21,1296.5,1289,1296,1283.05,1292.2,1292.65,1289.54,4673317,6026438863,128045
INFY,EQ,12-Feb-21,1292.65,1305,1323.75,1301.55,1312,1309.8,1312.31,5797875,7608600803,142747
INFY,EQ,15-Feb-21,1309.8,1320,1328.4,1307.1,1312,1309.65,1317.42,4363513,5748561880,143342
INFY,EQ,16-Feb-21,1309.65,1314,1319.75,1286,1294.5,1290.4,1298.05,6896421,8951918994,285705
INFY,EQ,17-Feb-21,1290.4,1290.4,1294.5,1275,1280.5,1281.3,1283.76,4575741,5874133583,142040
INFY,EQ,18-Feb-21,1281.3,1276,1306,1275,1289.35,1292.45,1291.86,6437551,8316445821,178755
INFY,EQ,19-Feb-21,1292.45,1296.1,1299.5,1276.8,1293,1291.3,1288.37,5389696,6943924609,129418
INFY,EQ,22-Feb-21,1291.3,1295,1308.55,1260,1264.15,1265.2,1282.74,7371303,9455456934,205288
INFY,EQ,23-Feb-21,1265.2,1271.15,1291,1257.55,1268,1266.35,1270.87,6612942,8404181986,237023
INFY,EQ,24-Feb-21,1266.35,1260.05,1276.6,1252,1272.7,1274.3,1265.24,4537258,5740727001,125315
INFY,EQ,25-Feb-21,1274.3,1288.45,1299.75,1272,1275,1274.55,1283.44,8788221,11279133376,215308
INFY,EQ,26-Feb-21,1274.55,1269,1274.3,1244.75,1252,1253.3,1256.57,15132388,19014856542,296665
INFY,EQ,01-Mar-21,1253.3,1263.3,1284.5,1259,1271,1267,1271.66,5756286,7320037307,133035
INFY,EQ,02-Mar-21,1267,1282.25,1310,1279.2,1308.6,1304.5,1294.56,10461434,13542927955,182506
INFY,EQ,03-Mar-21,1304.5,1319.2,1347,1308,1340.95,1343.55,1329.25,9056399,12038222652,189231
INFY,EQ,04-Mar-21,1343.55,1335,1363.85,1325.9,1334.6,1330.35,1343.22,12041941,16174961452,225028
INFY,EQ,05-Mar-21,1330.35,1328.5,1340,1305.05,1320.05,1316.7,1322.67,6486176,8579075404,180930
INFY,EQ,08-Mar-21,1316.7,1324.8,1346.1,1317.2,1336.05,1335.75,1334.28,5119392,6830699262,126809
INFY,EQ,09-Mar-21,1335.75,1329.5,1350.45,1318.75,1344,1345.55,1334.21,6518173,8696584496,144157
INFY,EQ,10-Mar-21,1345.55,1356.9,1374,1355,1366.5,1368.15,1365.17,7925984,10820304084,177164
INFY,EQ,12-Mar-21,1368.15,1373,1391.7,1370.05,1375.3,1374.85,1381.13,9462061,13068374479,199285
INFY,EQ,15-Mar-21,1374.85,1370,1379.9,1358.5,1371.95,1373.6,1369.96,6658665,9122082516,174194
INFY,EQ,16-Mar-21,1373.6,1386.05,1406,1380.5,1384.6,1384,1391.2,9352771,13011543030,230871
INFY,EQ,17-Mar-21,1384,1392.25,1400,1382,1387.1,1387,1392.47,7626744,10620025456,157640
INFY,EQ,18-Mar-21,1387,1393.75,1393.75,1313.5,1341.8,1337.1,1347.8,10961755,14774234435,298042
INFY,EQ,19-Mar-21,1337.1,1330,1355.2,1318,1347.15,1344.45,1340.27,12767112,17111330913,235459
INFY,EQ,22-Mar-21,1344.45,1350.1,1376,1336.1,1371.1,1370.8,1355.94,4862758,6593605265,129112
INFY,EQ,23-Mar-21,1370.8,1372.45,1383.25,1359.6,1369.8,1371.55,1372.44,7165335,9833991116,164495
INFY,EQ,24-Mar-21,1371.55,1357.85,1370.45,1346.25,1355,1353.75,1357.63,6134303,8328138652,143327
INFY,EQ,25-Mar-21,1353.75,1346.75,1352.5,1327.6,1337.6,1333.8,1338.88,8749994,11715231221,184200
INFY,EQ,26-Mar-21,1333.8,1344.7,1356.7,1332,1338.7,1336.2,1340.61,4922071,6598564525,138471
INFY,EQ,30-Mar-21,1336.2,1346.9,1400,1336.15,1386.5,1385.3,1373.99,10546919,14491356278,227944
INFY,EQ,31-Mar-21,1385.3,1382,1388,1363.3,1367.3,1368.05,1370.72,8220987,11268677504,218153
INFY,EQ,01-Apr-21,1368.05,1380,1391.6,1371,1386,1385.2,1382.72,5675155,7847148795,146481
INFY,EQ,05-Apr-21,1385.2,1391,1425,1387,1415,1409.9,1406.84,9479572,13336273565,237018
INFY,EQ,06-Apr-21,1409.9,1423,1426,1406.45,1414,1411.05,1415.69,5793571,8201898840,153955
INFY,EQ,07-Apr-21,1411.05,1410.25,1434.95,1406.6,1430,1430.2,1422.23,5879234,8361600368,135633
INFY,EQ,08-Apr-21,1430.2,1430,1451.7,1421,1438.15,1439.85,1440.96,5654434,8147788509,179859
INFY,EQ,09-Apr-21,1439.85,1455,1455,1430.05,1441,1441.05,1441.23,6052712,8723370112,134860
INFY,EQ,12-Apr-21,1441.05,1474,1477.55,1415,1431.5,1425.75,1438.59,20384532,29325012715,477964
INFY,EQ,13-Apr-21,1425.75,1433,1435.25,1375,1402.85,1397.15,1394.92,14855206,20721814130,453578
INFY,EQ,15-Apr-21,1397.15,1332.3,1366.4,1320,1363.3,1360.75,1347.38,25342491,34145935656,678751
INFY,EQ,16-Apr-21,1360.75,1365,1370.85,1346.6,1348.1,1353.75,1358.97,10879878,14785392742,285474
INFY,EQ,19-Apr-21,1353.75,1340,1379.7,1332.35,1363,1362.55,1359.57,12508028,17005547107,260647
INFY,EQ,20-Apr-21,1362.55,1379,1379,1342.4,1349,1351.35,1357.18,8560766,11618460456,174560
INFY,EQ,22-Apr-21,1351.35,1355.55,1364.8,1345.15,1352,1351.1,1352.38,6622446,8956080142,203956
INFY,EQ,23-Apr-21,1351.1,1343,1348.4,1331,1333.9,1333.8,1339.49,7316262,9800084842,163801
INFY,EQ,26-Apr-21,1333.8,1332.25,1351.3,1321,1345,1343.55,1343.19,7088606,9521361287,130375
INFY,EQ,27-Apr-21,1343.55,1346,1353,1340.15,1347.5,1348.5,1346.89,3636115,4897445224,145974
INFY,EQ,28-Apr-21,1348.5,1358,1359.5,1344.6,1355.8,1356,1353.45,4879234,6603777602,137376
INFY,EQ,29-Apr-21,1356,1368,1369,1351.4,1356,1356.35,1360.05,5412357,7361090047,119277
INFY,EQ,30-Apr-21,1356.35,1346.3,1373.9,1345.9,1348.6,1354.35,1361.16,8354677,11372027785,131718
INFY,EQ,03-May-21,1354.35,1340.8,1361,1338,1349,1352.05,1350.88,4560337,6160448677,126788
INFY,EQ,04-May-21,1352.05,1354,1354.95,1324.1,1331,1329.4,1339.98,4887060,6548565378,158010
INFY,EQ,05-May-21,1329.4,1341.1,1343.9,1327.8,1343,1341.5,1337.33,3939788,5268794240,113183
INFY,EQ,06-May-21,1341.5,1345,1364.7,1337.4,1359.15,1361.6,1354.33,4810090,6514432065,128184
INFY,EQ,07-May-21,1361.6,1365.3,1373.05,1348.5,1352.7,1352.55,1357.23,4991435,6774539803,146974
INFY,EQ,10-May-21,1352.55,1349.85,1352.9,1335.05,1339.9,1339.55,1341.13,7195348,9649893780,160151
INFY,EQ,11-May-21,1339.55,1336.9,1341,1325.1,1332.05,1330.65,1330,6420988,8539945151,201614
INFY,EQ,12-May-21,1330.65,1330,1330,1314.5,1327.6,1327,1323.46,5241898,6937427272,143805
INFY,EQ,14-May-21,1327,1326.85,1326.85,1311.3,1320,1316.4,1316.25,4824609,6350387005,180008
INFY,EQ,17-May-21,1316.4,1320.3,1334.95,1320.3,1328.55,1329.4,1329.34,5017129,6669458544,118670
INFY,EQ,18-May-21,1329.4,1338,1344.6,1329.5,1338.75,1340,1338.06,5620150,7520081253,135851
INFY,EQ,19-May-21,1340,1342,1357.45,1333.25,1334.65,1337,1344.41,4435878,5963617810,135009
INFY,EQ,20-May-21,1337,1348.4,1349.1,1335,1341.95,1339.3,1340.8,4490092,6020330291,111007
INFY,EQ,21-May-21,1339.3,1347.5,1357.5,1346.35,1356,1354.5,1351.75,4969733,6717856343,153186
INFY,EQ,24-May-21,1354.5,1356.65,1363,1345.1,1349,1348.05,1352.41,4225371,5714441956,108054
INFY,EQ,25-May-21,1348.05,1358,1368,1354.45,1364,1361.6,1361.92,4099340,5582984591,129513
INFY,EQ,26-May-21,1361.6,1367.9,1400,1362.05,1395,1397.25,1386.91,6850024,9500378458,174833
INFY,EQ,27-May-21,1397.25,1404.2,1416.25,1391.7,1408.9,1402.25,1404.67,15365391,21583297999,250209
INFY,EQ,28-May-21,1402.25,1409.75,1414,1396.1,1407.7,1405.05,1406.44,4261312,5993259438,106771
INFY,EQ,31-May-21,1405.05,1401.5,1401.5,1383,1395,1393.75,1393.13,4429904,6171426113,145671
INFY,EQ,01-Jun-21,1393.75,1400,1401,1378.65,1388.95,1387.2,1385,4791325,6635964927,180376
INFY,EQ,02-Jun-21,1387.2,1380.75,1391.95,1365,1381,1378.65,1374.91,9272276,12748517787,186335
INFY,EQ,03-Jun-21,1378.65,1388.1,1399,1377.05,1390.8,1389.65,1385.81,5115645,7089319506,137141
INFY,EQ,04-Jun-21,1389.65,1393.95,1396.9,1377.65,1385.15,1385.65,1384.98,4194328,5809075427,109532
INFY,EQ,07-Jun-21,1385.65,1391,1392,1377.3,1390.5,1389.65,1384.88,5154576,7138486995,127520
INFY,EQ,08-Jun-21,1389.65,1396,1421.75,1395.55,1414,1412.95,1412.47,7360630,10396698470,188069
INFY,EQ,09-Jun-21,1412.95,1413.4,1425,1404.6,1415,1415.3,1415.72,5394317,7636846520,137139
INFY,EQ,10-Jun-21,1415.3,1424,1429,1419,1424.25,1424.3,1423.55,3496575,4977561087,121283
INFY,EQ,11-Jun-21,1424.3,1430.1,1451.6,1429.45,1446.05,1446.9,1443.02,6140828,8861316924,173378
INFY,EQ,14-Jun-21,1446.9,1471,1477,1453.45,1460,1461.8,1463.12,7132294,10435431661,147667
INFY,EQ,15-Jun-21,1461.8,1464,1476,1463,1474,1473.9,1469.83,5403104,7941636318,141422
INFY,EQ,16-Jun-21,1473.9,1472.7,1489.45,1467.5,1479.2,1480.6,1478.45,7661710,11327444063,162924
INFY,EQ,17-Jun-21,1480.6,1475.1,1502.65,1475.1,1501.2,1495.3,1487.78,7677951,11423116458,229654
INFY,EQ,18-Jun-21,1495.3,1509,1515.8,1487.4,1510,1503.3,1501.85,13533974,20326029670,240906
INFY,EQ,21-Jun-21,1503.3,1493,1505.8,1484.2,1501.25,1500.3,1496.92,5454052,8164276798,124524
INFY,EQ,22-Jun-21,1500.3,1509.7,1521.45,1502.1,1511.35,1511.85,1510.6,6427862,9709910031,127430
INFY,EQ,23-Jun-21,1511.85,1525,1525,1498.65,1503,1503.15,1508.29,5529809,8340557842,118288
